{"loss":{"0":0.0191897321},"binary_accuracy":{"0":0.9530838132},"val_loss":{"0":0.0581420995},"val_binary_accuracy":{"0":0.9112227559}}