{"loss":{"0":0.0198984634},"binary_accuracy":{"0":0.9428030658},"val_loss":{"0":0.008186233},"val_binary_accuracy":{"0":0.9926639199}}