{"loss":{"0":0.0158882361},"binary_accuracy":{"0":0.9573669124},"precision":{"0":0.0460634927},"recall":{"0":1.0},"val_loss":{"0":0.0463224518},"val_binary_accuracy":{"0":0.9112227559}}