{"loss":{"0":0.0171589463},"binary_accuracy":{"0":0.9446055818},"val_loss":{"0":0.0069343887},"val_binary_accuracy":{"0":0.9916643763}}