{"loss":{"0":0.0158627623},"binary_accuracy":{"0":0.9573774552},"precision":{"0":0.0516666669},"recall":{"0":1.0},"val_loss":{"0":0.0466553652},"val_binary_accuracy":{"0":0.9112227559}}