{"loss":{"0":0.0195888805},"binary_accuracy":{"0":0.9427655947},"val_loss":{"0":0.0077519481},"val_binary_accuracy":{"0":0.9924896884}}