{"loss":{"0":0.0171566939},"binary_accuracy":{"0":0.9445643604},"val_loss":{"0":0.0070227199},"val_binary_accuracy":{"0":0.9911967027}}